anger_mean,anger_max,anger_std,anger_median,disgust_mean,disgust_max,disgust_std,disgust_median,fear_mean,fear_max,fear_std,fear_median,happiness_mean,happiness_max,happiness_std,happiness_median,sadness_mean,sadness_max,sadness_std,sadness_median,surprise_mean,surprise_max,surprise_std,surprise_median,neutral_mean,neutral_max,neutral_std,neutral_median,target_emotion_intensity,target_emotion_peak,target_emotion_std,frames_with_target_emotion,peak_frame_index,predicted_emotion,classification_correct,total_frames,sampled_frames,sampling_rate,frames_with_face,face_detection_rate,target_emotion,video_duration_frames,video_path,participant,voice_type,filename,analysis_mode,frame_skip
0.0,0.0,0.0,0.0,0.0,0.0,0.0,0.0,0.0,0.0,0.0,0.0,0.0,0.0,0.0,0.0,0.0,0.0,0.0,0.0,0.0,0.0,0.0,0.0,0.0,0.0,0.0,0.0,0.0,0.0,0.0,0,-1,none,False,0,0,64,0,0.0,,0,C:\python\Uni\Year_3\block_4\Story_project\logs\sessions\2025-06-04_17-17-41_andreea1\videos\andreea1_Emotional_OpenAI_TTS_neutral_exchange_0.mp4,andreea1,Emotional_OpenAI_TTS,andreea1_Emotional_OpenAI_TTS_neutral_exchange_0.mp4,fast_sampling,64
0.0,0.0,0.0,0.0,0.0,0.0,0.0,0.0,0.0,0.0,0.0,0.0,0.0,0.0,0.0,0.0,0.0,0.0,0.0,0.0,0.0,0.0,0.0,0.0,0.0,0.0,0.0,0.0,0.0,0.0,0.0,0,-1,none,False,0,0,64,0,0.0,,0,C:\python\Uni\Year_3\block_4\Story_project\logs\sessions\2025-06-04_17-17-41_andreea1\videos\andreea1_Emotional_OpenAI_TTS_surprise_exchange_1.mp4,andreea1,Emotional_OpenAI_TTS,andreea1_Emotional_OpenAI_TTS_surprise_exchange_1.mp4,fast_sampling,64
0.0,0.0,0.0,0.0,0.0,0.0,0.0,0.0,0.0,0.0,0.0,0.0,0.0,0.0,0.0,0.0,0.0,0.0,0.0,0.0,0.0,0.0,0.0,0.0,0.0,0.0,0.0,0.0,0.0,0.0,0.0,0,-1,none,False,0,0,64,0,0.0,,0,C:\python\Uni\Year_3\block_4\Story_project\logs\sessions\2025-06-04_17-17-41_andreea1\videos\andreea1_Emotional_OpenAI_TTS_fear_exchange_2.mp4,andreea1,Emotional_OpenAI_TTS,andreea1_Emotional_OpenAI_TTS_fear_exchange_2.mp4,fast_sampling,64
0.0,0.0,0.0,0.0,0.0,0.0,0.0,0.0,0.0,0.0,0.0,0.0,0.0,0.0,0.0,0.0,0.0,0.0,0.0,0.0,0.0,0.0,0.0,0.0,0.0,0.0,0.0,0.0,0.0,0.0,0.0,0,-1,none,False,0,0,64,0,0.0,,0,C:\python\Uni\Year_3\block_4\Story_project\logs\sessions\2025-06-04_17-17-41_andreea1\videos\andreea1_Emotional_OpenAI_TTS_disgust_exchange_3.mp4,andreea1,Emotional_OpenAI_TTS,andreea1_Emotional_OpenAI_TTS_disgust_exchange_3.mp4,fast_sampling,64
0.0,0.0,0.0,0.0,0.0,0.0,0.0,0.0,0.0,0.0,0.0,0.0,0.0,0.0,0.0,0.0,0.0,0.0,0.0,0.0,0.0,0.0,0.0,0.0,0.0,0.0,0.0,0.0,0.0,0.0,0.0,0,-1,none,False,0,0,64,0,0.0,,0,C:\python\Uni\Year_3\block_4\Story_project\logs\sessions\2025-06-04_17-17-41_andreea1\videos\andreea1_Emotional_OpenAI_TTS_angry_exchange_4.mp4,andreea1,Emotional_OpenAI_TTS,andreea1_Emotional_OpenAI_TTS_angry_exchange_4.mp4,fast_sampling,64
0.0,0.0,0.0,0.0,0.0,0.0,0.0,0.0,0.0,0.0,0.0,0.0,0.0,0.0,0.0,0.0,0.0,0.0,0.0,0.0,0.0,0.0,0.0,0.0,0.0,0.0,0.0,0.0,0.0,0.0,0.0,0,-1,none,False,0,0,64,0,0.0,,0,C:\python\Uni\Year_3\block_4\Story_project\logs\sessions\2025-06-04_17-17-41_andreea1\videos\andreea1_Emotional_OpenAI_TTS_happy_exchange_5.mp4,andreea1,Emotional_OpenAI_TTS,andreea1_Emotional_OpenAI_TTS_happy_exchange_5.mp4,fast_sampling,64
0.0,0.0,0.0,0.0,0.0,0.0,0.0,0.0,0.0,0.0,0.0,0.0,0.0,0.0,0.0,0.0,0.0,0.0,0.0,0.0,0.0,0.0,0.0,0.0,0.0,0.0,0.0,0.0,0.0,0.0,0.0,0,-1,none,False,0,0,64,0,0.0,,0,C:\python\Uni\Year_3\block_4\Story_project\logs\sessions\2025-06-04_17-17-41_andreea1\videos\andreea1_Emotional_OpenAI_TTS_sad_exchange_6.mp4,andreea1,Emotional_OpenAI_TTS,andreea1_Emotional_OpenAI_TTS_sad_exchange_6.mp4,fast_sampling,64
0.0,0.0,0.0,0.0,0.0,0.0,0.0,0.0,0.0,0.0,0.0,0.0,0.0,0.0,0.0,0.0,0.0,0.0,0.0,0.0,0.0,0.0,0.0,0.0,0.0,0.0,0.0,0.0,0.0,0.0,0.0,0,-1,none,False,0,0,64,0,0.0,,0,C:\python\Uni\Year_3\block_4\Story_project\logs\sessions\2025-06-04_17-17-41_andreea1\videos\andreea1_Emotionless_Voice_happy_exchange_0.mp4,andreea1,Emotionless_Voice,andreea1_Emotionless_Voice_happy_exchange_0.mp4,fast_sampling,64
0.0,0.0,0.0,0.0,0.0,0.0,0.0,0.0,0.0,0.0,0.0,0.0,0.0,0.0,0.0,0.0,0.0,0.0,0.0,0.0,0.0,0.0,0.0,0.0,0.0,0.0,0.0,0.0,0.0,0.0,0.0,0,-1,none,False,0,0,64,0,0.0,,0,C:\python\Uni\Year_3\block_4\Story_project\logs\sessions\2025-06-04_17-17-41_andreea1\videos\andreea1_Emotionless_Voice_angry_exchange_1.mp4,andreea1,Emotionless_Voice,andreea1_Emotionless_Voice_angry_exchange_1.mp4,fast_sampling,64
0.0,0.0,0.0,0.0,0.0,0.0,0.0,0.0,0.0,0.0,0.0,0.0,0.0,0.0,0.0,0.0,0.0,0.0,0.0,0.0,0.0,0.0,0.0,0.0,0.0,0.0,0.0,0.0,0.0,0.0,0.0,0,-1,none,False,0,0,64,0,0.0,,0,C:\python\Uni\Year_3\block_4\Story_project\logs\sessions\2025-06-04_17-17-41_andreea1\videos\andreea1_Emotionless_Voice_sad_exchange_2.mp4,andreea1,Emotionless_Voice,andreea1_Emotionless_Voice_sad_exchange_2.mp4,fast_sampling,64
0.0,0.0,0.0,0.0,0.0,0.0,0.0,0.0,0.0,0.0,0.0,0.0,0.0,0.0,0.0,0.0,0.0,0.0,0.0,0.0,0.0,0.0,0.0,0.0,0.0,0.0,0.0,0.0,0.0,0.0,0.0,0,-1,none,False,0,0,64,0,0.0,,0,C:\python\Uni\Year_3\block_4\Story_project\logs\sessions\2025-06-04_17-17-41_andreea1\videos\andreea1_Emotionless_Voice_surprise_exchange_3.mp4,andreea1,Emotionless_Voice,andreea1_Emotionless_Voice_surprise_exchange_3.mp4,fast_sampling,64
0.0,0.0,0.0,0.0,0.0,0.0,0.0,0.0,0.0,0.0,0.0,0.0,0.0,0.0,0.0,0.0,0.0,0.0,0.0,0.0,0.0,0.0,0.0,0.0,0.0,0.0,0.0,0.0,0.0,0.0,0.0,0,-1,none,False,0,0,64,0,0.0,,0,C:\python\Uni\Year_3\block_4\Story_project\logs\sessions\2025-06-04_17-17-41_andreea1\videos\andreea1_Emotionless_Voice_disgust_exchange_4.mp4,andreea1,Emotionless_Voice,andreea1_Emotionless_Voice_disgust_exchange_4.mp4,fast_sampling,64
0.0,0.0,0.0,0.0,0.0,0.0,0.0,0.0,0.0,0.0,0.0,0.0,0.0,0.0,0.0,0.0,0.0,0.0,0.0,0.0,0.0,0.0,0.0,0.0,0.0,0.0,0.0,0.0,0.0,0.0,0.0,0,-1,none,False,0,0,64,0,0.0,,0,C:\python\Uni\Year_3\block_4\Story_project\logs\sessions\2025-06-04_17-17-41_andreea1\videos\andreea1_Emotionless_Voice_fear_exchange_5.mp4,andreea1,Emotionless_Voice,andreea1_Emotionless_Voice_fear_exchange_5.mp4,fast_sampling,64
0.0,0.0,0.0,0.0,0.0,0.0,0.0,0.0,0.0,0.0,0.0,0.0,0.0,0.0,0.0,0.0,0.0,0.0,0.0,0.0,0.0,0.0,0.0,0.0,0.0,0.0,0.0,0.0,0.0,0.0,0.0,0,-1,none,False,0,0,64,0,0.0,,0,C:\python\Uni\Year_3\block_4\Story_project\logs\sessions\2025-06-04_17-17-41_andreea1\videos\andreea1_Emotionless_Voice_neutral_exchange_6.mp4,andreea1,Emotionless_Voice,andreea1_Emotionless_Voice_neutral_exchange_6.mp4,fast_sampling,64
0.0,0.0,0.0,0.0,0.0,0.0,0.0,0.0,0.0,0.0,0.0,0.0,0.0,0.0,0.0,0.0,0.0,0.0,0.0,0.0,0.0,0.0,0.0,0.0,0.0,0.0,0.0,0.0,0.0,0.0,0.0,0,-1,none,False,0,0,64,0,0.0,,0,C:\python\Uni\Year_3\block_4\Story_project\logs\sessions\2025-06-04_17-32-51_vasilis2\videos\vasilis2_Emotional_OpenAI_TTS_sad_exchange_0.mp4,vasilis2,Emotional_OpenAI_TTS,vasilis2_Emotional_OpenAI_TTS_sad_exchange_0.mp4,fast_sampling,64
0.0,0.0,0.0,0.0,0.0,0.0,0.0,0.0,0.0,0.0,0.0,0.0,0.0,0.0,0.0,0.0,0.0,0.0,0.0,0.0,0.0,0.0,0.0,0.0,0.0,0.0,0.0,0.0,0.0,0.0,0.0,0,-1,none,False,0,0,64,0,0.0,,0,C:\python\Uni\Year_3\block_4\Story_project\logs\sessions\2025-06-04_17-32-51_vasilis2\videos\vasilis2_Emotional_OpenAI_TTS_surprise_exchange_1.mp4,vasilis2,Emotional_OpenAI_TTS,vasilis2_Emotional_OpenAI_TTS_surprise_exchange_1.mp4,fast_sampling,64
0.0,0.0,0.0,0.0,0.0,0.0,0.0,0.0,0.0,0.0,0.0,0.0,0.0,0.0,0.0,0.0,0.0,0.0,0.0,0.0,0.0,0.0,0.0,0.0,0.0,0.0,0.0,0.0,0.0,0.0,0.0,0,-1,none,False,0,0,64,0,0.0,,0,C:\python\Uni\Year_3\block_4\Story_project\logs\sessions\2025-06-04_17-32-51_vasilis2\videos\vasilis2_Emotional_OpenAI_TTS_neutral_exchange_2.mp4,vasilis2,Emotional_OpenAI_TTS,vasilis2_Emotional_OpenAI_TTS_neutral_exchange_2.mp4,fast_sampling,64
0.0,0.0,0.0,0.0,0.0,0.0,0.0,0.0,0.0,0.0,0.0,0.0,0.0,0.0,0.0,0.0,0.0,0.0,0.0,0.0,0.0,0.0,0.0,0.0,0.0,0.0,0.0,0.0,0.0,0.0,0.0,0,-1,none,False,0,0,64,0,0.0,,0,C:\python\Uni\Year_3\block_4\Story_project\logs\sessions\2025-06-04_17-32-51_vasilis2\videos\vasilis2_Emotional_OpenAI_TTS_happy_exchange_3.mp4,vasilis2,Emotional_OpenAI_TTS,vasilis2_Emotional_OpenAI_TTS_happy_exchange_3.mp4,fast_sampling,64
0.0,0.0,0.0,0.0,0.0,0.0,0.0,0.0,0.0,0.0,0.0,0.0,0.0,0.0,0.0,0.0,0.0,0.0,0.0,0.0,0.0,0.0,0.0,0.0,0.0,0.0,0.0,0.0,0.0,0.0,0.0,0,-1,none,False,0,0,64,0,0.0,,0,C:\python\Uni\Year_3\block_4\Story_project\logs\sessions\2025-06-04_17-32-51_vasilis2\videos\vasilis2_Emotional_OpenAI_TTS_angry_exchange_4.mp4,vasilis2,Emotional_OpenAI_TTS,vasilis2_Emotional_OpenAI_TTS_angry_exchange_4.mp4,fast_sampling,64
0.0,0.0,0.0,0.0,0.0,0.0,0.0,0.0,0.0,0.0,0.0,0.0,0.0,0.0,0.0,0.0,0.0,0.0,0.0,0.0,0.0,0.0,0.0,0.0,0.0,0.0,0.0,0.0,0.0,0.0,0.0,0,-1,none,False,0,0,64,0,0.0,,0,C:\python\Uni\Year_3\block_4\Story_project\logs\sessions\2025-06-04_17-32-51_vasilis2\videos\vasilis2_Emotional_OpenAI_TTS_disgust_exchange_5.mp4,vasilis2,Emotional_OpenAI_TTS,vasilis2_Emotional_OpenAI_TTS_disgust_exchange_5.mp4,fast_sampling,64
0.0,0.0,0.0,0.0,0.0,0.0,0.0,0.0,0.0,0.0,0.0,0.0,0.0,0.0,0.0,0.0,0.0,0.0,0.0,0.0,0.0,0.0,0.0,0.0,0.0,0.0,0.0,0.0,0.0,0.0,0.0,0,-1,none,False,0,0,64,0,0.0,,0,C:\python\Uni\Year_3\block_4\Story_project\logs\sessions\2025-06-04_17-32-51_vasilis2\videos\vasilis2_Emotional_OpenAI_TTS_fear_exchange_6.mp4,vasilis2,Emotional_OpenAI_TTS,vasilis2_Emotional_OpenAI_TTS_fear_exchange_6.mp4,fast_sampling,64
0.0,0.0,0.0,0.0,0.0,0.0,0.0,0.0,0.0,0.0,0.0,0.0,0.0,0.0,0.0,0.0,0.0,0.0,0.0,0.0,0.0,0.0,0.0,0.0,0.0,0.0,0.0,0.0,0.0,0.0,0.0,0,-1,none,False,0,0,64,0,0.0,,0,C:\python\Uni\Year_3\block_4\Story_project\logs\sessions\2025-06-04_17-32-51_vasilis2\videos\vasilis2_Emotionless_Voice_fear_exchange_0.mp4,vasilis2,Emotionless_Voice,vasilis2_Emotionless_Voice_fear_exchange_0.mp4,fast_sampling,64
0.0,0.0,0.0,0.0,0.0,0.0,0.0,0.0,0.0,0.0,0.0,0.0,0.0,0.0,0.0,0.0,0.0,0.0,0.0,0.0,0.0,0.0,0.0,0.0,0.0,0.0,0.0,0.0,0.0,0.0,0.0,0,-1,none,False,0,0,64,0,0.0,,0,C:\python\Uni\Year_3\block_4\Story_project\logs\sessions\2025-06-04_17-32-51_vasilis2\videos\vasilis2_Emotionless_Voice_surprise_exchange_1.mp4,vasilis2,Emotionless_Voice,vasilis2_Emotionless_Voice_surprise_exchange_1.mp4,fast_sampling,64
0.0,0.0,0.0,0.0,0.0,0.0,0.0,0.0,0.0,0.0,0.0,0.0,0.0,0.0,0.0,0.0,0.0,0.0,0.0,0.0,0.0,0.0,0.0,0.0,0.0,0.0,0.0,0.0,0.0,0.0,0.0,0,-1,none,False,0,0,64,0,0.0,,0,C:\python\Uni\Year_3\block_4\Story_project\logs\sessions\2025-06-04_17-32-51_vasilis2\videos\vasilis2_Emotionless_Voice_disgust_exchange_2.mp4,vasilis2,Emotionless_Voice,vasilis2_Emotionless_Voice_disgust_exchange_2.mp4,fast_sampling,64
0.0,0.0,0.0,0.0,0.0,0.0,0.0,0.0,0.0,0.0,0.0,0.0,0.0,0.0,0.0,0.0,0.0,0.0,0.0,0.0,0.0,0.0,0.0,0.0,0.0,0.0,0.0,0.0,0.0,0.0,0.0,0,-1,none,False,0,0,64,0,0.0,,0,C:\python\Uni\Year_3\block_4\Story_project\logs\sessions\2025-06-04_17-32-51_vasilis2\videos\vasilis2_Emotionless_Voice_sad_exchange_3.mp4,vasilis2,Emotionless_Voice,vasilis2_Emotionless_Voice_sad_exchange_3.mp4,fast_sampling,64
0.0,0.0,0.0,0.0,0.0,0.0,0.0,0.0,0.0,0.0,0.0,0.0,0.0,0.0,0.0,0.0,0.0,0.0,0.0,0.0,0.0,0.0,0.0,0.0,0.0,0.0,0.0,0.0,0.0,0.0,0.0,0,-1,none,False,0,0,64,0,0.0,,0,C:\python\Uni\Year_3\block_4\Story_project\logs\sessions\2025-06-04_17-32-51_vasilis2\videos\vasilis2_Emotionless_Voice_neutral_exchange_4.mp4,vasilis2,Emotionless_Voice,vasilis2_Emotionless_Voice_neutral_exchange_4.mp4,fast_sampling,64
0.0,0.0,0.0,0.0,0.0,0.0,0.0,0.0,0.0,0.0,0.0,0.0,0.0,0.0,0.0,0.0,0.0,0.0,0.0,0.0,0.0,0.0,0.0,0.0,0.0,0.0,0.0,0.0,0.0,0.0,0.0,0,-1,none,False,0,0,64,0,0.0,,0,C:\python\Uni\Year_3\block_4\Story_project\logs\sessions\2025-06-04_17-32-51_vasilis2\videos\vasilis2_Emotionless_Voice_happy_exchange_5.mp4,vasilis2,Emotionless_Voice,vasilis2_Emotionless_Voice_happy_exchange_5.mp4,fast_sampling,64
0.0,0.0,0.0,0.0,0.0,0.0,0.0,0.0,0.0,0.0,0.0,0.0,0.0,0.0,0.0,0.0,0.0,0.0,0.0,0.0,0.0,0.0,0.0,0.0,0.0,0.0,0.0,0.0,0.0,0.0,0.0,0,-1,none,False,0,0,64,0,0.0,,0,C:\python\Uni\Year_3\block_4\Story_project\logs\sessions\2025-06-04_17-32-51_vasilis2\videos\vasilis2_Emotionless_Voice_angry_exchange_6.mp4,vasilis2,Emotionless_Voice,vasilis2_Emotionless_Voice_angry_exchange_6.mp4,fast_sampling,64
0.0,0.0,0.0,0.0,0.0,0.0,0.0,0.0,0.0,0.0,0.0,0.0,0.0,0.0,0.0,0.0,0.0,0.0,0.0,0.0,0.0,0.0,0.0,0.0,0.0,0.0,0.0,0.0,0.0,0.0,0.0,0,-1,none,False,0,0,64,0,0.0,,0,C:\python\Uni\Year_3\block_4\Story_project\logs\sessions\2025-06-04_17-47-08_will3\videos\will3_Emotional_OpenAI_TTS_surprise_exchange_0.mp4,will3,Emotional_OpenAI_TTS,will3_Emotional_OpenAI_TTS_surprise_exchange_0.mp4,fast_sampling,64
0.0,0.0,0.0,0.0,0.0,0.0,0.0,0.0,0.0,0.0,0.0,0.0,0.0,0.0,0.0,0.0,0.0,0.0,0.0,0.0,0.0,0.0,0.0,0.0,0.0,0.0,0.0,0.0,0.0,0.0,0.0,0,-1,none,False,0,0,64,0,0.0,,0,C:\python\Uni\Year_3\block_4\Story_project\logs\sessions\2025-06-04_17-47-08_will3\videos\will3_Emotional_OpenAI_TTS_disgust_exchange_1.mp4,will3,Emotional_OpenAI_TTS,will3_Emotional_OpenAI_TTS_disgust_exchange_1.mp4,fast_sampling,64
0.0,0.0,0.0,0.0,0.0,0.0,0.0,0.0,0.0,0.0,0.0,0.0,0.0,0.0,0.0,0.0,0.0,0.0,0.0,0.0,0.0,0.0,0.0,0.0,0.0,0.0,0.0,0.0,0.0,0.0,0.0,0,-1,none,False,0,0,64,0,0.0,,0,C:\python\Uni\Year_3\block_4\Story_project\logs\sessions\2025-06-04_17-47-08_will3\videos\will3_Emotional_OpenAI_TTS_angry_exchange_2.mp4,will3,Emotional_OpenAI_TTS,will3_Emotional_OpenAI_TTS_angry_exchange_2.mp4,fast_sampling,64
0.0,0.0,0.0,0.0,0.0,0.0,0.0,0.0,0.0,0.0,0.0,0.0,0.0,0.0,0.0,0.0,0.0,0.0,0.0,0.0,0.0,0.0,0.0,0.0,0.0,0.0,0.0,0.0,0.0,0.0,0.0,0,-1,none,False,0,0,64,0,0.0,,0,C:\python\Uni\Year_3\block_4\Story_project\logs\sessions\2025-06-04_17-47-08_will3\videos\will3_Emotional_OpenAI_TTS_happy_exchange_3.mp4,will3,Emotional_OpenAI_TTS,will3_Emotional_OpenAI_TTS_happy_exchange_3.mp4,fast_sampling,64
0.0,0.0,0.0,0.0,0.0,0.0,0.0,0.0,0.0,0.0,0.0,0.0,0.0,0.0,0.0,0.0,0.0,0.0,0.0,0.0,0.0,0.0,0.0,0.0,0.0,0.0,0.0,0.0,0.0,0.0,0.0,0,-1,none,False,0,0,64,0,0.0,,0,C:\python\Uni\Year_3\block_4\Story_project\logs\sessions\2025-06-04_17-47-08_will3\videos\will3_Emotional_OpenAI_TTS_sad_exchange_4.mp4,will3,Emotional_OpenAI_TTS,will3_Emotional_OpenAI_TTS_sad_exchange_4.mp4,fast_sampling,64
0.0,0.0,0.0,0.0,0.0,0.0,0.0,0.0,0.0,0.0,0.0,0.0,0.0,0.0,0.0,0.0,0.0,0.0,0.0,0.0,0.0,0.0,0.0,0.0,0.0,0.0,0.0,0.0,0.0,0.0,0.0,0,-1,none,False,0,0,64,0,0.0,,0,C:\python\Uni\Year_3\block_4\Story_project\logs\sessions\2025-06-04_17-47-08_will3\videos\will3_Emotional_OpenAI_TTS_neutral_exchange_5.mp4,will3,Emotional_OpenAI_TTS,will3_Emotional_OpenAI_TTS_neutral_exchange_5.mp4,fast_sampling,64
0.0,0.0,0.0,0.0,0.0,0.0,0.0,0.0,0.0,0.0,0.0,0.0,0.0,0.0,0.0,0.0,0.0,0.0,0.0,0.0,0.0,0.0,0.0,0.0,0.0,0.0,0.0,0.0,0.0,0.0,0.0,0,-1,none,False,0,0,64,0,0.0,,0,C:\python\Uni\Year_3\block_4\Story_project\logs\sessions\2025-06-04_17-47-08_will3\videos\will3_Emotional_OpenAI_TTS_fear_exchange_6.mp4,will3,Emotional_OpenAI_TTS,will3_Emotional_OpenAI_TTS_fear_exchange_6.mp4,fast_sampling,64
0.0,0.0,0.0,0.0,0.0,0.0,0.0,0.0,0.0,0.0,0.0,0.0,0.0,0.0,0.0,0.0,0.0,0.0,0.0,0.0,0.0,0.0,0.0,0.0,0.0,0.0,0.0,0.0,0.0,0.0,0.0,0,-1,none,False,0,0,64,0,0.0,,0,C:\python\Uni\Year_3\block_4\Story_project\logs\sessions\2025-06-04_17-47-08_will3\videos\will3_Emotionless_Voice_disgust_exchange_0.mp4,will3,Emotionless_Voice,will3_Emotionless_Voice_disgust_exchange_0.mp4,fast_sampling,64
0.0,0.0,0.0,0.0,0.0,0.0,0.0,0.0,0.0,0.0,0.0,0.0,0.0,0.0,0.0,0.0,0.0,0.0,0.0,0.0,0.0,0.0,0.0,0.0,0.0,0.0,0.0,0.0,0.0,0.0,0.0,0,-1,none,False,0,0,64,0,0.0,,0,C:\python\Uni\Year_3\block_4\Story_project\logs\sessions\2025-06-04_17-47-08_will3\videos\will3_Emotionless_Voice_neutral_exchange_1.mp4,will3,Emotionless_Voice,will3_Emotionless_Voice_neutral_exchange_1.mp4,fast_sampling,64
0.0,0.0,0.0,0.0,0.0,0.0,0.0,0.0,0.0,0.0,0.0,0.0,0.0,0.0,0.0,0.0,0.0,0.0,0.0,0.0,0.0,0.0,0.0,0.0,0.0,0.0,0.0,0.0,0.0,0.0,0.0,0,-1,none,False,0,0,64,0,0.0,,0,C:\python\Uni\Year_3\block_4\Story_project\logs\sessions\2025-06-04_17-47-08_will3\videos\will3_Emotionless_Voice_angry_exchange_2.mp4,will3,Emotionless_Voice,will3_Emotionless_Voice_angry_exchange_2.mp4,fast_sampling,64
0.0,0.0,0.0,0.0,0.0,0.0,0.0,0.0,0.0,0.0,0.0,0.0,0.0,0.0,0.0,0.0,0.0,0.0,0.0,0.0,0.0,0.0,0.0,0.0,0.0,0.0,0.0,0.0,0.0,0.0,0.0,0,-1,none,False,0,0,64,0,0.0,,0,C:\python\Uni\Year_3\block_4\Story_project\logs\sessions\2025-06-04_17-47-08_will3\videos\will3_Emotionless_Voice_surprise_exchange_3.mp4,will3,Emotionless_Voice,will3_Emotionless_Voice_surprise_exchange_3.mp4,fast_sampling,64
0.0,0.0,0.0,0.0,0.0,0.0,0.0,0.0,0.0,0.0,0.0,0.0,0.0,0.0,0.0,0.0,0.0,0.0,0.0,0.0,0.0,0.0,0.0,0.0,0.0,0.0,0.0,0.0,0.0,0.0,0.0,0,-1,none,False,0,0,64,0,0.0,,0,C:\python\Uni\Year_3\block_4\Story_project\logs\sessions\2025-06-04_17-47-08_will3\videos\will3_Emotionless_Voice_happy_exchange_4.mp4,will3,Emotionless_Voice,will3_Emotionless_Voice_happy_exchange_4.mp4,fast_sampling,64
0.0,0.0,0.0,0.0,0.0,0.0,0.0,0.0,0.0,0.0,0.0,0.0,0.0,0.0,0.0,0.0,0.0,0.0,0.0,0.0,0.0,0.0,0.0,0.0,0.0,0.0,0.0,0.0,0.0,0.0,0.0,0,-1,none,False,0,0,64,0,0.0,,0,C:\python\Uni\Year_3\block_4\Story_project\logs\sessions\2025-06-04_17-47-08_will3\videos\will3_Emotionless_Voice_fear_exchange_5.mp4,will3,Emotionless_Voice,will3_Emotionless_Voice_fear_exchange_5.mp4,fast_sampling,64
0.0,0.0,0.0,0.0,0.0,0.0,0.0,0.0,0.0,0.0,0.0,0.0,0.0,0.0,0.0,0.0,0.0,0.0,0.0,0.0,0.0,0.0,0.0,0.0,0.0,0.0,0.0,0.0,0.0,0.0,0.0,0,-1,none,False,0,0,64,0,0.0,,0,C:\python\Uni\Year_3\block_4\Story_project\logs\sessions\2025-06-04_17-47-08_will3\videos\will3_Emotionless_Voice_sad_exchange_6.mp4,will3,Emotionless_Voice,will3_Emotionless_Voice_sad_exchange_6.mp4,fast_sampling,64
0.0,0.0,0.0,0.0,0.0,0.0,0.0,0.0,0.0,0.0,0.0,0.0,0.0,0.0,0.0,0.0,0.0,0.0,0.0,0.0,0.0,0.0,0.0,0.0,0.0,0.0,0.0,0.0,0.0,0.0,0.0,0,-1,none,False,0,0,64,0,0.0,,0,C:\python\Uni\Year_3\block_4\Story_project\logs\sessions\2025-06-04_17-47-08_will3 copy\videos\will3_Emotional_OpenAI_TTS_surprise_exchange_0.mp4,will3,Emotional_OpenAI_TTS,will3_Emotional_OpenAI_TTS_surprise_exchange_0.mp4,fast_sampling,64
0.0,0.0,0.0,0.0,0.0,0.0,0.0,0.0,0.0,0.0,0.0,0.0,0.0,0.0,0.0,0.0,0.0,0.0,0.0,0.0,0.0,0.0,0.0,0.0,0.0,0.0,0.0,0.0,0.0,0.0,0.0,0,-1,none,False,0,0,64,0,0.0,,0,C:\python\Uni\Year_3\block_4\Story_project\logs\sessions\2025-06-04_17-47-08_will3 copy\videos\will3_Emotional_OpenAI_TTS_disgust_exchange_1.mp4,will3,Emotional_OpenAI_TTS,will3_Emotional_OpenAI_TTS_disgust_exchange_1.mp4,fast_sampling,64
0.0,0.0,0.0,0.0,0.0,0.0,0.0,0.0,0.0,0.0,0.0,0.0,0.0,0.0,0.0,0.0,0.0,0.0,0.0,0.0,0.0,0.0,0.0,0.0,0.0,0.0,0.0,0.0,0.0,0.0,0.0,0,-1,none,False,0,0,64,0,0.0,,0,C:\python\Uni\Year_3\block_4\Story_project\logs\sessions\2025-06-04_17-47-08_will3 copy\videos\will3_Emotional_OpenAI_TTS_angry_exchange_2.mp4,will3,Emotional_OpenAI_TTS,will3_Emotional_OpenAI_TTS_angry_exchange_2.mp4,fast_sampling,64
0.0,0.0,0.0,0.0,0.0,0.0,0.0,0.0,0.0,0.0,0.0,0.0,0.0,0.0,0.0,0.0,0.0,0.0,0.0,0.0,0.0,0.0,0.0,0.0,0.0,0.0,0.0,0.0,0.0,0.0,0.0,0,-1,none,False,0,0,64,0,0.0,,0,C:\python\Uni\Year_3\block_4\Story_project\logs\sessions\2025-06-04_17-47-08_will3 copy\videos\will3_Emotional_OpenAI_TTS_happy_exchange_3.mp4,will3,Emotional_OpenAI_TTS,will3_Emotional_OpenAI_TTS_happy_exchange_3.mp4,fast_sampling,64
0.0,0.0,0.0,0.0,0.0,0.0,0.0,0.0,0.0,0.0,0.0,0.0,0.0,0.0,0.0,0.0,0.0,0.0,0.0,0.0,0.0,0.0,0.0,0.0,0.0,0.0,0.0,0.0,0.0,0.0,0.0,0,-1,none,False,0,0,64,0,0.0,,0,C:\python\Uni\Year_3\block_4\Story_project\logs\sessions\2025-06-04_17-47-08_will3 copy\videos\will3_Emotional_OpenAI_TTS_sad_exchange_4.mp4,will3,Emotional_OpenAI_TTS,will3_Emotional_OpenAI_TTS_sad_exchange_4.mp4,fast_sampling,64
0.0,0.0,0.0,0.0,0.0,0.0,0.0,0.0,0.0,0.0,0.0,0.0,0.0,0.0,0.0,0.0,0.0,0.0,0.0,0.0,0.0,0.0,0.0,0.0,0.0,0.0,0.0,0.0,0.0,0.0,0.0,0,-1,none,False,0,0,64,0,0.0,,0,C:\python\Uni\Year_3\block_4\Story_project\logs\sessions\2025-06-04_17-47-08_will3 copy\videos\will3_Emotional_OpenAI_TTS_neutral_exchange_5.mp4,will3,Emotional_OpenAI_TTS,will3_Emotional_OpenAI_TTS_neutral_exchange_5.mp4,fast_sampling,64
0.0,0.0,0.0,0.0,0.0,0.0,0.0,0.0,0.0,0.0,0.0,0.0,0.0,0.0,0.0,0.0,0.0,0.0,0.0,0.0,0.0,0.0,0.0,0.0,0.0,0.0,0.0,0.0,0.0,0.0,0.0,0,-1,none,False,0,0,64,0,0.0,,0,C:\python\Uni\Year_3\block_4\Story_project\logs\sessions\2025-06-04_17-47-08_will3 copy\videos\will3_Emotional_OpenAI_TTS_fear_exchange_6.mp4,will3,Emotional_OpenAI_TTS,will3_Emotional_OpenAI_TTS_fear_exchange_6.mp4,fast_sampling,64
0.0,0.0,0.0,0.0,0.0,0.0,0.0,0.0,0.0,0.0,0.0,0.0,0.0,0.0,0.0,0.0,0.0,0.0,0.0,0.0,0.0,0.0,0.0,0.0,0.0,0.0,0.0,0.0,0.0,0.0,0.0,0,-1,none,False,0,0,64,0,0.0,,0,C:\python\Uni\Year_3\block_4\Story_project\logs\sessions\2025-06-04_17-47-08_will3 copy\videos\will3_Emotionless_Voice_disgust_exchange_0.mp4,will3,Emotionless_Voice,will3_Emotionless_Voice_disgust_exchange_0.mp4,fast_sampling,64
0.0,0.0,0.0,0.0,0.0,0.0,0.0,0.0,0.0,0.0,0.0,0.0,0.0,0.0,0.0,0.0,0.0,0.0,0.0,0.0,0.0,0.0,0.0,0.0,0.0,0.0,0.0,0.0,0.0,0.0,0.0,0,-1,none,False,0,0,64,0,0.0,,0,C:\python\Uni\Year_3\block_4\Story_project\logs\sessions\2025-06-04_17-47-08_will3 copy\videos\will3_Emotionless_Voice_neutral_exchange_1.mp4,will3,Emotionless_Voice,will3_Emotionless_Voice_neutral_exchange_1.mp4,fast_sampling,64
0.0,0.0,0.0,0.0,0.0,0.0,0.0,0.0,0.0,0.0,0.0,0.0,0.0,0.0,0.0,0.0,0.0,0.0,0.0,0.0,0.0,0.0,0.0,0.0,0.0,0.0,0.0,0.0,0.0,0.0,0.0,0,-1,none,False,0,0,64,0,0.0,,0,C:\python\Uni\Year_3\block_4\Story_project\logs\sessions\2025-06-04_17-47-08_will3 copy\videos\will3_Emotionless_Voice_angry_exchange_2.mp4,will3,Emotionless_Voice,will3_Emotionless_Voice_angry_exchange_2.mp4,fast_sampling,64
0.0,0.0,0.0,0.0,0.0,0.0,0.0,0.0,0.0,0.0,0.0,0.0,0.0,0.0,0.0,0.0,0.0,0.0,0.0,0.0,0.0,0.0,0.0,0.0,0.0,0.0,0.0,0.0,0.0,0.0,0.0,0,-1,none,False,0,0,64,0,0.0,,0,C:\python\Uni\Year_3\block_4\Story_project\logs\sessions\2025-06-04_17-47-08_will3 copy\videos\will3_Emotionless_Voice_surprise_exchange_3.mp4,will3,Emotionless_Voice,will3_Emotionless_Voice_surprise_exchange_3.mp4,fast_sampling,64
0.0,0.0,0.0,0.0,0.0,0.0,0.0,0.0,0.0,0.0,0.0,0.0,0.0,0.0,0.0,0.0,0.0,0.0,0.0,0.0,0.0,0.0,0.0,0.0,0.0,0.0,0.0,0.0,0.0,0.0,0.0,0,-1,none,False,0,0,64,0,0.0,,0,C:\python\Uni\Year_3\block_4\Story_project\logs\sessions\2025-06-04_17-47-08_will3 copy\videos\will3_Emotionless_Voice_happy_exchange_4.mp4,will3,Emotionless_Voice,will3_Emotionless_Voice_happy_exchange_4.mp4,fast_sampling,64
0.0,0.0,0.0,0.0,0.0,0.0,0.0,0.0,0.0,0.0,0.0,0.0,0.0,0.0,0.0,0.0,0.0,0.0,0.0,0.0,0.0,0.0,0.0,0.0,0.0,0.0,0.0,0.0,0.0,0.0,0.0,0,-1,none,False,0,0,64,0,0.0,,0,C:\python\Uni\Year_3\block_4\Story_project\logs\sessions\2025-06-04_17-47-08_will3 copy\videos\will3_Emotionless_Voice_fear_exchange_5.mp4,will3,Emotionless_Voice,will3_Emotionless_Voice_fear_exchange_5.mp4,fast_sampling,64
0.0,0.0,0.0,0.0,0.0,0.0,0.0,0.0,0.0,0.0,0.0,0.0,0.0,0.0,0.0,0.0,0.0,0.0,0.0,0.0,0.0,0.0,0.0,0.0,0.0,0.0,0.0,0.0,0.0,0.0,0.0,0,-1,none,False,0,0,64,0,0.0,,0,C:\python\Uni\Year_3\block_4\Story_project\logs\sessions\2025-06-04_17-47-08_will3 copy\videos\will3_Emotionless_Voice_sad_exchange_6.mp4,will3,Emotionless_Voice,will3_Emotionless_Voice_sad_exchange_6.mp4,fast_sampling,64
0.0,0.0,0.0,0.0,0.0,0.0,0.0,0.0,0.0,0.0,0.0,0.0,0.0,0.0,0.0,0.0,0.0,0.0,0.0,0.0,0.0,0.0,0.0,0.0,0.0,0.0,0.0,0.0,0.0,0.0,0.0,0,-1,none,False,0,0,64,0,0.0,,0,C:\python\Uni\Year_3\block_4\Story_project\logs\sessions\2025-06-04_18-13-23_vlad4\videos\vlad4_Emotional_OpenAI_TTS_happy_exchange_0.mp4,vlad4,Emotional_OpenAI_TTS,vlad4_Emotional_OpenAI_TTS_happy_exchange_0.mp4,fast_sampling,64
0.0,0.0,0.0,0.0,0.0,0.0,0.0,0.0,0.0,0.0,0.0,0.0,0.0,0.0,0.0,0.0,0.0,0.0,0.0,0.0,0.0,0.0,0.0,0.0,0.0,0.0,0.0,0.0,0.0,0.0,0.0,0,-1,none,False,0,0,64,0,0.0,,0,C:\python\Uni\Year_3\block_4\Story_project\logs\sessions\2025-06-04_18-13-23_vlad4\videos\vlad4_Emotional_OpenAI_TTS_surprise_exchange_1.mp4,vlad4,Emotional_OpenAI_TTS,vlad4_Emotional_OpenAI_TTS_surprise_exchange_1.mp4,fast_sampling,64
0.0,0.0,0.0,0.0,0.0,0.0,0.0,0.0,0.0,0.0,0.0,0.0,0.0,0.0,0.0,0.0,0.0,0.0,0.0,0.0,0.0,0.0,0.0,0.0,0.0,0.0,0.0,0.0,0.0,0.0,0.0,0,-1,none,False,0,0,64,0,0.0,,0,C:\python\Uni\Year_3\block_4\Story_project\logs\sessions\2025-06-04_18-13-23_vlad4\videos\vlad4_Emotional_OpenAI_TTS_fear_exchange_2.mp4,vlad4,Emotional_OpenAI_TTS,vlad4_Emotional_OpenAI_TTS_fear_exchange_2.mp4,fast_sampling,64
0.0,0.0,0.0,0.0,0.0,0.0,0.0,0.0,0.0,0.0,0.0,0.0,0.0,0.0,0.0,0.0,0.0,0.0,0.0,0.0,0.0,0.0,0.0,0.0,0.0,0.0,0.0,0.0,0.0,0.0,0.0,0,-1,none,False,0,0,64,0,0.0,,0,C:\python\Uni\Year_3\block_4\Story_project\logs\sessions\2025-06-04_18-13-23_vlad4\videos\vlad4_Emotional_OpenAI_TTS_sad_exchange_3.mp4,vlad4,Emotional_OpenAI_TTS,vlad4_Emotional_OpenAI_TTS_sad_exchange_3.mp4,fast_sampling,64
0.0,0.0,0.0,0.0,0.0,0.0,0.0,0.0,0.0,0.0,0.0,0.0,0.0,0.0,0.0,0.0,0.0,0.0,0.0,0.0,0.0,0.0,0.0,0.0,0.0,0.0,0.0,0.0,0.0,0.0,0.0,0,-1,none,False,0,0,64,0,0.0,,0,C:\python\Uni\Year_3\block_4\Story_project\logs\sessions\2025-06-04_18-13-23_vlad4\videos\vlad4_Emotional_OpenAI_TTS_angry_exchange_4.mp4,vlad4,Emotional_OpenAI_TTS,vlad4_Emotional_OpenAI_TTS_angry_exchange_4.mp4,fast_sampling,64
0.0,0.0,0.0,0.0,0.0,0.0,0.0,0.0,0.0,0.0,0.0,0.0,0.0,0.0,0.0,0.0,0.0,0.0,0.0,0.0,0.0,0.0,0.0,0.0,0.0,0.0,0.0,0.0,0.0,0.0,0.0,0,-1,none,False,0,0,64,0,0.0,,0,C:\python\Uni\Year_3\block_4\Story_project\logs\sessions\2025-06-04_18-13-23_vlad4\videos\vlad4_Emotional_OpenAI_TTS_neutral_exchange_5.mp4,vlad4,Emotional_OpenAI_TTS,vlad4_Emotional_OpenAI_TTS_neutral_exchange_5.mp4,fast_sampling,64
0.0,0.0,0.0,0.0,0.0,0.0,0.0,0.0,0.0,0.0,0.0,0.0,0.0,0.0,0.0,0.0,0.0,0.0,0.0,0.0,0.0,0.0,0.0,0.0,0.0,0.0,0.0,0.0,0.0,0.0,0.0,0,-1,none,False,0,0,64,0,0.0,,0,C:\python\Uni\Year_3\block_4\Story_project\logs\sessions\2025-06-04_18-13-23_vlad4\videos\vlad4_Emotional_OpenAI_TTS_disgust_exchange_6.mp4,vlad4,Emotional_OpenAI_TTS,vlad4_Emotional_OpenAI_TTS_disgust_exchange_6.mp4,fast_sampling,64
0.0,0.0,0.0,0.0,0.0,0.0,0.0,0.0,0.0,0.0,0.0,0.0,0.0,0.0,0.0,0.0,0.0,0.0,0.0,0.0,0.0,0.0,0.0,0.0,0.0,0.0,0.0,0.0,0.0,0.0,0.0,0,-1,none,False,0,0,64,0,0.0,,0,C:\python\Uni\Year_3\block_4\Story_project\logs\sessions\2025-06-04_18-13-23_vlad4\videos\vlad4_Emotionless_Voice_fear_exchange_0.mp4,vlad4,Emotionless_Voice,vlad4_Emotionless_Voice_fear_exchange_0.mp4,fast_sampling,64
0.0,0.0,0.0,0.0,0.0,0.0,0.0,0.0,0.0,0.0,0.0,0.0,0.0,0.0,0.0,0.0,0.0,0.0,0.0,0.0,0.0,0.0,0.0,0.0,0.0,0.0,0.0,0.0,0.0,0.0,0.0,0,-1,none,False,0,0,64,0,0.0,,0,C:\python\Uni\Year_3\block_4\Story_project\logs\sessions\2025-06-04_18-13-23_vlad4\videos\vlad4_Emotionless_Voice_angry_exchange_1.mp4,vlad4,Emotionless_Voice,vlad4_Emotionless_Voice_angry_exchange_1.mp4,fast_sampling,64
0.0,0.0,0.0,0.0,0.0,0.0,0.0,0.0,0.0,0.0,0.0,0.0,0.0,0.0,0.0,0.0,0.0,0.0,0.0,0.0,0.0,0.0,0.0,0.0,0.0,0.0,0.0,0.0,0.0,0.0,0.0,0,-1,none,False,0,0,64,0,0.0,,0,C:\python\Uni\Year_3\block_4\Story_project\logs\sessions\2025-06-04_18-13-23_vlad4\videos\vlad4_Emotionless_Voice_sad_exchange_2.mp4,vlad4,Emotionless_Voice,vlad4_Emotionless_Voice_sad_exchange_2.mp4,fast_sampling,64
0.0,0.0,0.0,0.0,0.0,0.0,0.0,0.0,0.0,0.0,0.0,0.0,0.0,0.0,0.0,0.0,0.0,0.0,0.0,0.0,0.0,0.0,0.0,0.0,0.0,0.0,0.0,0.0,0.0,0.0,0.0,0,-1,none,False,0,0,64,0,0.0,,0,C:\python\Uni\Year_3\block_4\Story_project\logs\sessions\2025-06-04_18-13-23_vlad4\videos\vlad4_Emotionless_Voice_surprise_exchange_3.mp4,vlad4,Emotionless_Voice,vlad4_Emotionless_Voice_surprise_exchange_3.mp4,fast_sampling,64
0.0,0.0,0.0,0.0,0.0,0.0,0.0,0.0,0.0,0.0,0.0,0.0,0.0,0.0,0.0,0.0,0.0,0.0,0.0,0.0,0.0,0.0,0.0,0.0,0.0,0.0,0.0,0.0,0.0,0.0,0.0,0,-1,none,False,0,0,64,0,0.0,,0,C:\python\Uni\Year_3\block_4\Story_project\logs\sessions\2025-06-04_18-13-23_vlad4\videos\vlad4_Emotionless_Voice_neutral_exchange_4.mp4,vlad4,Emotionless_Voice,vlad4_Emotionless_Voice_neutral_exchange_4.mp4,fast_sampling,64
0.0,0.0,0.0,0.0,0.0,0.0,0.0,0.0,0.0,0.0,0.0,0.0,0.0,0.0,0.0,0.0,0.0,0.0,0.0,0.0,0.0,0.0,0.0,0.0,0.0,0.0,0.0,0.0,0.0,0.0,0.0,0,-1,none,False,0,0,64,0,0.0,,0,C:\python\Uni\Year_3\block_4\Story_project\logs\sessions\2025-06-04_18-13-23_vlad4\videos\vlad4_Emotionless_Voice_disgust_exchange_5.mp4,vlad4,Emotionless_Voice,vlad4_Emotionless_Voice_disgust_exchange_5.mp4,fast_sampling,64
0.0,0.0,0.0,0.0,0.0,0.0,0.0,0.0,0.0,0.0,0.0,0.0,0.0,0.0,0.0,0.0,0.0,0.0,0.0,0.0,0.0,0.0,0.0,0.0,0.0,0.0,0.0,0.0,0.0,0.0,0.0,0,-1,none,False,0,0,64,0,0.0,,0,C:\python\Uni\Year_3\block_4\Story_project\logs\sessions\2025-06-04_18-13-23_vlad4\videos\vlad4_Emotionless_Voice_happy_exchange_6.mp4,vlad4,Emotionless_Voice,vlad4_Emotionless_Voice_happy_exchange_6.mp4,fast_sampling,64
0.0,0.0,0.0,0.0,0.0,0.0,0.0,0.0,0.0,0.0,0.0,0.0,0.0,0.0,0.0,0.0,0.0,0.0,0.0,0.0,0.0,0.0,0.0,0.0,0.0,0.0,0.0,0.0,0.0,0.0,0.0,0,-1,none,False,0,0,64,0,0.0,,0,C:\python\Uni\Year_3\block_4\Story_project\logs\sessions\2025-06-04_19-05-06_nikolaos5\videos\nikolaos5_Emotional_OpenAI_TTS_surprise_exchange_0.mp4,nikolaos5,Emotional_OpenAI_TTS,nikolaos5_Emotional_OpenAI_TTS_surprise_exchange_0.mp4,fast_sampling,64
0.0,0.0,0.0,0.0,0.0,0.0,0.0,0.0,0.0,0.0,0.0,0.0,0.0,0.0,0.0,0.0,0.0,0.0,0.0,0.0,0.0,0.0,0.0,0.0,0.0,0.0,0.0,0.0,0.0,0.0,0.0,0,-1,none,False,0,0,64,0,0.0,,0,C:\python\Uni\Year_3\block_4\Story_project\logs\sessions\2025-06-04_19-05-06_nikolaos5\videos\nikolaos5_Emotional_OpenAI_TTS_disgust_exchange_1.mp4,nikolaos5,Emotional_OpenAI_TTS,nikolaos5_Emotional_OpenAI_TTS_disgust_exchange_1.mp4,fast_sampling,64
0.0,0.0,0.0,0.0,0.0,0.0,0.0,0.0,0.0,0.0,0.0,0.0,0.0,0.0,0.0,0.0,0.0,0.0,0.0,0.0,0.0,0.0,0.0,0.0,0.0,0.0,0.0,0.0,0.0,0.0,0.0,0,-1,none,False,0,0,64,0,0.0,,0,C:\python\Uni\Year_3\block_4\Story_project\logs\sessions\2025-06-04_19-05-06_nikolaos5\videos\nikolaos5_Emotional_OpenAI_TTS_happy_exchange_2.mp4,nikolaos5,Emotional_OpenAI_TTS,nikolaos5_Emotional_OpenAI_TTS_happy_exchange_2.mp4,fast_sampling,64
0.0,0.0,0.0,0.0,0.0,0.0,0.0,0.0,0.0,0.0,0.0,0.0,0.0,0.0,0.0,0.0,0.0,0.0,0.0,0.0,0.0,0.0,0.0,0.0,0.0,0.0,0.0,0.0,0.0,0.0,0.0,0,-1,none,False,0,0,64,0,0.0,,0,C:\python\Uni\Year_3\block_4\Story_project\logs\sessions\2025-06-04_19-05-06_nikolaos5\videos\nikolaos5_Emotional_OpenAI_TTS_neutral_exchange_3.mp4,nikolaos5,Emotional_OpenAI_TTS,nikolaos5_Emotional_OpenAI_TTS_neutral_exchange_3.mp4,fast_sampling,64
0.0,0.0,0.0,0.0,0.0,0.0,0.0,0.0,0.0,0.0,0.0,0.0,0.0,0.0,0.0,0.0,0.0,0.0,0.0,0.0,0.0,0.0,0.0,0.0,0.0,0.0,0.0,0.0,0.0,0.0,0.0,0,-1,none,False,0,0,64,0,0.0,,0,C:\python\Uni\Year_3\block_4\Story_project\logs\sessions\2025-06-04_19-05-06_nikolaos5\videos\nikolaos5_Emotional_OpenAI_TTS_fear_exchange_4.mp4,nikolaos5,Emotional_OpenAI_TTS,nikolaos5_Emotional_OpenAI_TTS_fear_exchange_4.mp4,fast_sampling,64
0.0,0.0,0.0,0.0,0.0,0.0,0.0,0.0,0.0,0.0,0.0,0.0,0.0,0.0,0.0,0.0,0.0,0.0,0.0,0.0,0.0,0.0,0.0,0.0,0.0,0.0,0.0,0.0,0.0,0.0,0.0,0,-1,none,False,0,0,64,0,0.0,,0,C:\python\Uni\Year_3\block_4\Story_project\logs\sessions\2025-06-04_19-05-06_nikolaos5\videos\nikolaos5_Emotional_OpenAI_TTS_sad_exchange_5.mp4,nikolaos5,Emotional_OpenAI_TTS,nikolaos5_Emotional_OpenAI_TTS_sad_exchange_5.mp4,fast_sampling,64
0.0,0.0,0.0,0.0,0.0,0.0,0.0,0.0,0.0,0.0,0.0,0.0,0.0,0.0,0.0,0.0,0.0,0.0,0.0,0.0,0.0,0.0,0.0,0.0,0.0,0.0,0.0,0.0,0.0,0.0,0.0,0,-1,none,False,0,0,64,0,0.0,,0,C:\python\Uni\Year_3\block_4\Story_project\logs\sessions\2025-06-04_19-05-06_nikolaos5\videos\nikolaos5_Emotional_OpenAI_TTS_angry_exchange_6.mp4,nikolaos5,Emotional_OpenAI_TTS,nikolaos5_Emotional_OpenAI_TTS_angry_exchange_6.mp4,fast_sampling,64
0.0,0.0,0.0,0.0,0.0,0.0,0.0,0.0,0.0,0.0,0.0,0.0,0.0,0.0,0.0,0.0,0.0,0.0,0.0,0.0,0.0,0.0,0.0,0.0,0.0,0.0,0.0,0.0,0.0,0.0,0.0,0,-1,none,False,0,0,64,0,0.0,,0,C:\python\Uni\Year_3\block_4\Story_project\logs\sessions\2025-06-04_19-05-06_nikolaos5\videos\nikolaos5_Emotionless_Voice_happy_exchange_0.mp4,nikolaos5,Emotionless_Voice,nikolaos5_Emotionless_Voice_happy_exchange_0.mp4,fast_sampling,64
0.0,0.0,0.0,0.0,0.0,0.0,0.0,0.0,0.0,0.0,0.0,0.0,0.0,0.0,0.0,0.0,0.0,0.0,0.0,0.0,0.0,0.0,0.0,0.0,0.0,0.0,0.0,0.0,0.0,0.0,0.0,0,-1,none,False,0,0,64,0,0.0,,0,C:\python\Uni\Year_3\block_4\Story_project\logs\sessions\2025-06-04_19-05-06_nikolaos5\videos\nikolaos5_Emotionless_Voice_angry_exchange_1.mp4,nikolaos5,Emotionless_Voice,nikolaos5_Emotionless_Voice_angry_exchange_1.mp4,fast_sampling,64
0.0,0.0,0.0,0.0,0.0,0.0,0.0,0.0,0.0,0.0,0.0,0.0,0.0,0.0,0.0,0.0,0.0,0.0,0.0,0.0,0.0,0.0,0.0,0.0,0.0,0.0,0.0,0.0,0.0,0.0,0.0,0,-1,none,False,0,0,64,0,0.0,,0,C:\python\Uni\Year_3\block_4\Story_project\logs\sessions\2025-06-04_19-05-06_nikolaos5\videos\nikolaos5_Emotionless_Voice_sad_exchange_2.mp4,nikolaos5,Emotionless_Voice,nikolaos5_Emotionless_Voice_sad_exchange_2.mp4,fast_sampling,64
0.0,0.0,0.0,0.0,0.0,0.0,0.0,0.0,0.0,0.0,0.0,0.0,0.0,0.0,0.0,0.0,0.0,0.0,0.0,0.0,0.0,0.0,0.0,0.0,0.0,0.0,0.0,0.0,0.0,0.0,0.0,0,-1,none,False,0,0,64,0,0.0,,0,C:\python\Uni\Year_3\block_4\Story_project\logs\sessions\2025-06-04_19-05-06_nikolaos5\videos\nikolaos5_Emotionless_Voice_surprise_exchange_3.mp4,nikolaos5,Emotionless_Voice,nikolaos5_Emotionless_Voice_surprise_exchange_3.mp4,fast_sampling,64
0.0,0.0,0.0,0.0,0.0,0.0,0.0,0.0,0.0,0.0,0.0,0.0,0.0,0.0,0.0,0.0,0.0,0.0,0.0,0.0,0.0,0.0,0.0,0.0,0.0,0.0,0.0,0.0,0.0,0.0,0.0,0,-1,none,False,0,0,64,0,0.0,,0,C:\python\Uni\Year_3\block_4\Story_project\logs\sessions\2025-06-04_19-05-06_nikolaos5\videos\nikolaos5_Emotionless_Voice_neutral_exchange_4.mp4,nikolaos5,Emotionless_Voice,nikolaos5_Emotionless_Voice_neutral_exchange_4.mp4,fast_sampling,64
0.0,0.0,0.0,0.0,0.0,0.0,0.0,0.0,0.0,0.0,0.0,0.0,0.0,0.0,0.0,0.0,0.0,0.0,0.0,0.0,0.0,0.0,0.0,0.0,0.0,0.0,0.0,0.0,0.0,0.0,0.0,0,-1,none,False,0,0,64,0,0.0,,0,C:\python\Uni\Year_3\block_4\Story_project\logs\sessions\2025-06-04_19-05-06_nikolaos5\videos\nikolaos5_Emotionless_Voice_fear_exchange_5.mp4,nikolaos5,Emotionless_Voice,nikolaos5_Emotionless_Voice_fear_exchange_5.mp4,fast_sampling,64
0.0,0.0,0.0,0.0,0.0,0.0,0.0,0.0,0.0,0.0,0.0,0.0,0.0,0.0,0.0,0.0,0.0,0.0,0.0,0.0,0.0,0.0,0.0,0.0,0.0,0.0,0.0,0.0,0.0,0.0,0.0,0,-1,none,False,0,0,64,0,0.0,,0,C:\python\Uni\Year_3\block_4\Story_project\logs\sessions\2025-06-04_19-05-06_nikolaos5\videos\nikolaos5_Emotionless_Voice_disgust_exchange_6.mp4,nikolaos5,Emotionless_Voice,nikolaos5_Emotionless_Voice_disgust_exchange_6.mp4,fast_sampling,64
0.0,0.0,0.0,0.0,0.0,0.0,0.0,0.0,0.0,0.0,0.0,0.0,0.0,0.0,0.0,0.0,0.0,0.0,0.0,0.0,0.0,0.0,0.0,0.0,0.0,0.0,0.0,0.0,0.0,0.0,0.0,0,-1,none,False,0,0,64,0,0.0,,0,C:\python\Uni\Year_3\block_4\Story_project\logs\sessions\2025-06-05_15-04-21_alexadru6\videos\alexadru6_Emotional_OpenAI_TTS_neutral_exchange_0.mp4,alexadru6,Emotional_OpenAI_TTS,alexadru6_Emotional_OpenAI_TTS_neutral_exchange_0.mp4,fast_sampling,64
0.0,0.0,0.0,0.0,0.0,0.0,0.0,0.0,0.0,0.0,0.0,0.0,0.0,0.0,0.0,0.0,0.0,0.0,0.0,0.0,0.0,0.0,0.0,0.0,0.0,0.0,0.0,0.0,0.0,0.0,0.0,0,-1,none,False,0,0,64,0,0.0,,0,C:\python\Uni\Year_3\block_4\Story_project\logs\sessions\2025-06-05_15-04-21_alexadru6\videos\alexadru6_Emotional_OpenAI_TTS_angry_exchange_1.mp4,alexadru6,Emotional_OpenAI_TTS,alexadru6_Emotional_OpenAI_TTS_angry_exchange_1.mp4,fast_sampling,64
0.0,0.0,0.0,0.0,0.0,0.0,0.0,0.0,0.0,0.0,0.0,0.0,0.0,0.0,0.0,0.0,0.0,0.0,0.0,0.0,0.0,0.0,0.0,0.0,0.0,0.0,0.0,0.0,0.0,0.0,0.0,0,-1,none,False,0,0,64,0,0.0,,0,C:\python\Uni\Year_3\block_4\Story_project\logs\sessions\2025-06-05_15-04-21_alexadru6\videos\alexadru6_Emotional_OpenAI_TTS_disgust_exchange_2.mp4,alexadru6,Emotional_OpenAI_TTS,alexadru6_Emotional_OpenAI_TTS_disgust_exchange_2.mp4,fast_sampling,64
0.0,0.0,0.0,0.0,0.0,0.0,0.0,0.0,0.0,0.0,0.0,0.0,0.0,0.0,0.0,0.0,0.0,0.0,0.0,0.0,0.0,0.0,0.0,0.0,0.0,0.0,0.0,0.0,0.0,0.0,0.0,0,-1,none,False,0,0,64,0,0.0,,0,C:\python\Uni\Year_3\block_4\Story_project\logs\sessions\2025-06-05_15-04-21_alexadru6\videos\alexadru6_Emotional_OpenAI_TTS_happy_exchange_3.mp4,alexadru6,Emotional_OpenAI_TTS,alexadru6_Emotional_OpenAI_TTS_happy_exchange_3.mp4,fast_sampling,64
0.0,0.0,0.0,0.0,0.0,0.0,0.0,0.0,0.0,0.0,0.0,0.0,0.0,0.0,0.0,0.0,0.0,0.0,0.0,0.0,0.0,0.0,0.0,0.0,0.0,0.0,0.0,0.0,0.0,0.0,0.0,0,-1,none,False,0,0,64,0,0.0,,0,C:\python\Uni\Year_3\block_4\Story_project\logs\sessions\2025-06-05_15-04-21_alexadru6\videos\alexadru6_Emotional_OpenAI_TTS_fear_exchange_4.mp4,alexadru6,Emotional_OpenAI_TTS,alexadru6_Emotional_OpenAI_TTS_fear_exchange_4.mp4,fast_sampling,64
0.0,0.0,0.0,0.0,0.0,0.0,0.0,0.0,0.0,0.0,0.0,0.0,0.0,0.0,0.0,0.0,0.0,0.0,0.0,0.0,0.0,0.0,0.0,0.0,0.0,0.0,0.0,0.0,0.0,0.0,0.0,0,-1,none,False,0,0,64,0,0.0,,0,C:\python\Uni\Year_3\block_4\Story_project\logs\sessions\2025-06-05_15-04-21_alexadru6\videos\alexadru6_Emotional_OpenAI_TTS_surprise_exchange_5.mp4,alexadru6,Emotional_OpenAI_TTS,alexadru6_Emotional_OpenAI_TTS_surprise_exchange_5.mp4,fast_sampling,64
0.0,0.0,0.0,0.0,0.0,0.0,0.0,0.0,0.0,0.0,0.0,0.0,0.0,0.0,0.0,0.0,0.0,0.0,0.0,0.0,0.0,0.0,0.0,0.0,0.0,0.0,0.0,0.0,0.0,0.0,0.0,0,-1,none,False,0,0,64,0,0.0,,0,C:\python\Uni\Year_3\block_4\Story_project\logs\sessions\2025-06-05_15-04-21_alexadru6\videos\alexadru6_Emotional_OpenAI_TTS_sad_exchange_6.mp4,alexadru6,Emotional_OpenAI_TTS,alexadru6_Emotional_OpenAI_TTS_sad_exchange_6.mp4,fast_sampling,64
0.0,0.0,0.0,0.0,0.0,0.0,0.0,0.0,0.0,0.0,0.0,0.0,0.0,0.0,0.0,0.0,0.0,0.0,0.0,0.0,0.0,0.0,0.0,0.0,0.0,0.0,0.0,0.0,0.0,0.0,0.0,0,-1,none,False,0,0,64,0,0.0,,0,C:\python\Uni\Year_3\block_4\Story_project\logs\sessions\2025-06-05_15-04-21_alexadru6\videos\alexadru6_Emotionless_Voice_surprise_exchange_0.mp4,alexadru6,Emotionless_Voice,alexadru6_Emotionless_Voice_surprise_exchange_0.mp4,fast_sampling,64
0.0,0.0,0.0,0.0,0.0,0.0,0.0,0.0,0.0,0.0,0.0,0.0,0.0,0.0,0.0,0.0,0.0,0.0,0.0,0.0,0.0,0.0,0.0,0.0,0.0,0.0,0.0,0.0,0.0,0.0,0.0,0,-1,none,False,0,0,64,0,0.0,,0,C:\python\Uni\Year_3\block_4\Story_project\logs\sessions\2025-06-05_15-04-21_alexadru6\videos\alexadru6_Emotionless_Voice_disgust_exchange_1.mp4,alexadru6,Emotionless_Voice,alexadru6_Emotionless_Voice_disgust_exchange_1.mp4,fast_sampling,64
0.0,0.0,0.0,0.0,0.0,0.0,0.0,0.0,0.0,0.0,0.0,0.0,0.0,0.0,0.0,0.0,0.0,0.0,0.0,0.0,0.0,0.0,0.0,0.0,0.0,0.0,0.0,0.0,0.0,0.0,0.0,0,-1,none,False,0,0,64,0,0.0,,0,C:\python\Uni\Year_3\block_4\Story_project\logs\sessions\2025-06-05_15-04-21_alexadru6\videos\alexadru6_Emotionless_Voice_happy_exchange_2.mp4,alexadru6,Emotionless_Voice,alexadru6_Emotionless_Voice_happy_exchange_2.mp4,fast_sampling,64
0.0,0.0,0.0,0.0,0.0,0.0,0.0,0.0,0.0,0.0,0.0,0.0,0.0,0.0,0.0,0.0,0.0,0.0,0.0,0.0,0.0,0.0,0.0,0.0,0.0,0.0,0.0,0.0,0.0,0.0,0.0,0,-1,none,False,0,0,64,0,0.0,,0,C:\python\Uni\Year_3\block_4\Story_project\logs\sessions\2025-06-05_15-04-21_alexadru6\videos\alexadru6_Emotionless_Voice_sad_exchange_3.mp4,alexadru6,Emotionless_Voice,alexadru6_Emotionless_Voice_sad_exchange_3.mp4,fast_sampling,64
0.0,0.0,0.0,0.0,0.0,0.0,0.0,0.0,0.0,0.0,0.0,0.0,0.0,0.0,0.0,0.0,0.0,0.0,0.0,0.0,0.0,0.0,0.0,0.0,0.0,0.0,0.0,0.0,0.0,0.0,0.0,0,-1,none,False,0,0,64,0,0.0,,0,C:\python\Uni\Year_3\block_4\Story_project\logs\sessions\2025-06-05_15-04-21_alexadru6\videos\alexadru6_Emotionless_Voice_neutral_exchange_4.mp4,alexadru6,Emotionless_Voice,alexadru6_Emotionless_Voice_neutral_exchange_4.mp4,fast_sampling,64
0.0,0.0,0.0,0.0,0.0,0.0,0.0,0.0,0.0,0.0,0.0,0.0,0.0,0.0,0.0,0.0,0.0,0.0,0.0,0.0,0.0,0.0,0.0,0.0,0.0,0.0,0.0,0.0,0.0,0.0,0.0,0,-1,none,False,0,0,64,0,0.0,,0,C:\python\Uni\Year_3\block_4\Story_project\logs\sessions\2025-06-05_15-04-21_alexadru6\videos\alexadru6_Emotionless_Voice_fear_exchange_5.mp4,alexadru6,Emotionless_Voice,alexadru6_Emotionless_Voice_fear_exchange_5.mp4,fast_sampling,64
0.0,0.0,0.0,0.0,0.0,0.0,0.0,0.0,0.0,0.0,0.0,0.0,0.0,0.0,0.0,0.0,0.0,0.0,0.0,0.0,0.0,0.0,0.0,0.0,0.0,0.0,0.0,0.0,0.0,0.0,0.0,0,-1,none,False,0,0,64,0,0.0,,0,C:\python\Uni\Year_3\block_4\Story_project\logs\sessions\2025-06-05_15-04-21_alexadru6\videos\alexadru6_Emotionless_Voice_angry_exchange_6.mp4,alexadru6,Emotionless_Voice,alexadru6_Emotionless_Voice_angry_exchange_6.mp4,fast_sampling,64
0.0,0.0,0.0,0.0,0.0,0.0,0.0,0.0,0.0,0.0,0.0,0.0,0.0,0.0,0.0,0.0,0.0,0.0,0.0,0.0,0.0,0.0,0.0,0.0,0.0,0.0,0.0,0.0,0.0,0.0,0.0,0,-1,none,False,0,0,64,0,0.0,,0,C:\python\Uni\Year_3\block_4\Story_project\logs\sessions\2025-06-05_17-18-32_amina7\videos\amina7_Emotional_OpenAI_TTS_disgust_exchange_0.mp4,amina7,Emotional_OpenAI_TTS,amina7_Emotional_OpenAI_TTS_disgust_exchange_0.mp4,fast_sampling,64
0.0,0.0,0.0,0.0,0.0,0.0,0.0,0.0,0.0,0.0,0.0,0.0,0.0,0.0,0.0,0.0,0.0,0.0,0.0,0.0,0.0,0.0,0.0,0.0,0.0,0.0,0.0,0.0,0.0,0.0,0.0,0,-1,none,False,0,0,64,0,0.0,,0,C:\python\Uni\Year_3\block_4\Story_project\logs\sessions\2025-06-05_17-18-32_amina7\videos\amina7_Emotional_OpenAI_TTS_surprise_exchange_1.mp4,amina7,Emotional_OpenAI_TTS,amina7_Emotional_OpenAI_TTS_surprise_exchange_1.mp4,fast_sampling,64
0.0,0.0,0.0,0.0,0.0,0.0,0.0,0.0,0.0,0.0,0.0,0.0,0.0,0.0,0.0,0.0,0.0,0.0,0.0,0.0,0.0,0.0,0.0,0.0,0.0,0.0,0.0,0.0,0.0,0.0,0.0,0,-1,none,False,0,0,64,0,0.0,,0,C:\python\Uni\Year_3\block_4\Story_project\logs\sessions\2025-06-05_17-18-32_amina7\videos\amina7_Emotional_OpenAI_TTS_neutral_exchange_2.mp4,amina7,Emotional_OpenAI_TTS,amina7_Emotional_OpenAI_TTS_neutral_exchange_2.mp4,fast_sampling,64
0.0,0.0,0.0,0.0,0.0,0.0,0.0,0.0,0.0,0.0,0.0,0.0,0.0,0.0,0.0,0.0,0.0,0.0,0.0,0.0,0.0,0.0,0.0,0.0,0.0,0.0,0.0,0.0,0.0,0.0,0.0,0,-1,none,False,0,0,64,0,0.0,,0,C:\python\Uni\Year_3\block_4\Story_project\logs\sessions\2025-06-05_17-18-32_amina7\videos\amina7_Emotional_OpenAI_TTS_sad_exchange_3.mp4,amina7,Emotional_OpenAI_TTS,amina7_Emotional_OpenAI_TTS_sad_exchange_3.mp4,fast_sampling,64
0.0,0.0,0.0,0.0,0.0,0.0,0.0,0.0,0.0,0.0,0.0,0.0,0.0,0.0,0.0,0.0,0.0,0.0,0.0,0.0,0.0,0.0,0.0,0.0,0.0,0.0,0.0,0.0,0.0,0.0,0.0,0,-1,none,False,0,0,64,0,0.0,,0,C:\python\Uni\Year_3\block_4\Story_project\logs\sessions\2025-06-05_17-18-32_amina7\videos\amina7_Emotional_OpenAI_TTS_angry_exchange_4.mp4,amina7,Emotional_OpenAI_TTS,amina7_Emotional_OpenAI_TTS_angry_exchange_4.mp4,fast_sampling,64
0.0,0.0,0.0,0.0,0.0,0.0,0.0,0.0,0.0,0.0,0.0,0.0,0.0,0.0,0.0,0.0,0.0,0.0,0.0,0.0,0.0,0.0,0.0,0.0,0.0,0.0,0.0,0.0,0.0,0.0,0.0,0,-1,none,False,0,0,64,0,0.0,,0,C:\python\Uni\Year_3\block_4\Story_project\logs\sessions\2025-06-05_17-18-32_amina7\videos\amina7_Emotional_OpenAI_TTS_happy_exchange_5.mp4,amina7,Emotional_OpenAI_TTS,amina7_Emotional_OpenAI_TTS_happy_exchange_5.mp4,fast_sampling,64
0.0,0.0,0.0,0.0,0.0,0.0,0.0,0.0,0.0,0.0,0.0,0.0,0.0,0.0,0.0,0.0,0.0,0.0,0.0,0.0,0.0,0.0,0.0,0.0,0.0,0.0,0.0,0.0,0.0,0.0,0.0,0,-1,none,False,0,0,64,0,0.0,,0,C:\python\Uni\Year_3\block_4\Story_project\logs\sessions\2025-06-05_17-18-32_amina7\videos\amina7_Emotional_OpenAI_TTS_fear_exchange_6.mp4,amina7,Emotional_OpenAI_TTS,amina7_Emotional_OpenAI_TTS_fear_exchange_6.mp4,fast_sampling,64
0.0,0.0,0.0,0.0,0.0,0.0,0.0,0.0,0.0,0.0,0.0,0.0,0.0,0.0,0.0,0.0,0.0,0.0,0.0,0.0,0.0,0.0,0.0,0.0,0.0,0.0,0.0,0.0,0.0,0.0,0.0,0,-1,none,False,0,0,64,0,0.0,,0,C:\python\Uni\Year_3\block_4\Story_project\logs\sessions\2025-06-05_17-18-32_amina7\videos\amina7_Emotionless_Voice_angry_exchange_0.mp4,amina7,Emotionless_Voice,amina7_Emotionless_Voice_angry_exchange_0.mp4,fast_sampling,64
0.0,0.0,0.0,0.0,0.0,0.0,0.0,0.0,0.0,0.0,0.0,0.0,0.0,0.0,0.0,0.0,0.0,0.0,0.0,0.0,0.0,0.0,0.0,0.0,0.0,0.0,0.0,0.0,0.0,0.0,0.0,0,-1,none,False,0,0,64,0,0.0,,0,C:\python\Uni\Year_3\block_4\Story_project\logs\sessions\2025-06-05_17-18-32_amina7\videos\amina7_Emotionless_Voice_neutral_exchange_1.mp4,amina7,Emotionless_Voice,amina7_Emotionless_Voice_neutral_exchange_1.mp4,fast_sampling,64
0.0,0.0,0.0,0.0,0.0,0.0,0.0,0.0,0.0,0.0,0.0,0.0,0.0,0.0,0.0,0.0,0.0,0.0,0.0,0.0,0.0,0.0,0.0,0.0,0.0,0.0,0.0,0.0,0.0,0.0,0.0,0,-1,none,False,0,0,64,0,0.0,,0,C:\python\Uni\Year_3\block_4\Story_project\logs\sessions\2025-06-05_17-18-32_amina7\videos\amina7_Emotionless_Voice_happy_exchange_2.mp4,amina7,Emotionless_Voice,amina7_Emotionless_Voice_happy_exchange_2.mp4,fast_sampling,64
0.0,0.0,0.0,0.0,0.0,0.0,0.0,0.0,0.0,0.0,0.0,0.0,0.0,0.0,0.0,0.0,0.0,0.0,0.0,0.0,0.0,0.0,0.0,0.0,0.0,0.0,0.0,0.0,0.0,0.0,0.0,0,-1,none,False,0,0,64,0,0.0,,0,C:\python\Uni\Year_3\block_4\Story_project\logs\sessions\2025-06-05_17-18-32_amina7\videos\amina7_Emotionless_Voice_surprise_exchange_3.mp4,amina7,Emotionless_Voice,amina7_Emotionless_Voice_surprise_exchange_3.mp4,fast_sampling,64
0.0,0.0,0.0,0.0,0.0,0.0,0.0,0.0,0.0,0.0,0.0,0.0,0.0,0.0,0.0,0.0,0.0,0.0,0.0,0.0,0.0,0.0,0.0,0.0,0.0,0.0,0.0,0.0,0.0,0.0,0.0,0,-1,none,False,0,0,64,0,0.0,,0,C:\python\Uni\Year_3\block_4\Story_project\logs\sessions\2025-06-05_17-18-32_amina7\videos\amina7_Emotionless_Voice_sad_exchange_4.mp4,amina7,Emotionless_Voice,amina7_Emotionless_Voice_sad_exchange_4.mp4,fast_sampling,64
0.0,0.0,0.0,0.0,0.0,0.0,0.0,0.0,0.0,0.0,0.0,0.0,0.0,0.0,0.0,0.0,0.0,0.0,0.0,0.0,0.0,0.0,0.0,0.0,0.0,0.0,0.0,0.0,0.0,0.0,0.0,0,-1,none,False,0,0,64,0,0.0,,0,C:\python\Uni\Year_3\block_4\Story_project\logs\sessions\2025-06-05_17-18-32_amina7\videos\amina7_Emotionless_Voice_disgust_exchange_5.mp4,amina7,Emotionless_Voice,amina7_Emotionless_Voice_disgust_exchange_5.mp4,fast_sampling,64
0.0,0.0,0.0,0.0,0.0,0.0,0.0,0.0,0.0,0.0,0.0,0.0,0.0,0.0,0.0,0.0,0.0,0.0,0.0,0.0,0.0,0.0,0.0,0.0,0.0,0.0,0.0,0.0,0.0,0.0,0.0,0,-1,none,False,0,0,64,0,0.0,,0,C:\python\Uni\Year_3\block_4\Story_project\logs\sessions\2025-06-05_17-18-32_amina7\videos\amina7_Emotionless_Voice_fear_exchange_6.mp4,amina7,Emotionless_Voice,amina7_Emotionless_Voice_fear_exchange_6.mp4,fast_sampling,64
